migrationKey,authorizationMigrationKey,invoice,JAMIS Project ID,modNumber,legacyId,lineScope,lineNumber,displayOrder,Title,lineType,jobId,description,amount,comments,
IWA-KPS-ATS-2025-M-2268:TRAVEL:2277,IWA-KPS-ATS-2025-M-2268,100178-0002,100757,0,2277,base,1,1,Army 0012 OP1 CLIN 1002 Non-Billable  ODC/Travel,travel,100178-0002-0002-0002,Army 0012 OP1 CLIN 1002 Non-Billable  ODC/Travel,5000,,
IWA-KPS-ATS-2025-M-2268:TRAVEL:2614,IWA-KPS-ATS-2025-M-2268,100178-0002,100757,1,2614,mod,2,2,Migrated Travel/ODC,travel,100178-0002-0002-0002,Migrated legacy ODC amount,5000,,
IWA-TGS-KMS-2025-M-2346:TRAVEL:2348,IWA-TGS-KMS-2025-M-2346,100224-0003,,0,2348,base,1,1,KBJV TGS Subk OP5 CLIN 5001 NRC File Mgmt 4.1,travel,100224-0003-0001-0001,KBJV TGS Subk OP5 CLIN 5001 NRC File Mgmt 4.1,5000,,
IWA-TGS-KMS-2025-M-2346:TRAVEL:2623,IWA-TGS-KMS-2025-M-2346,100224-0003,,1,2623,mod,2,2,Migrated Travel/ODC,travel,,Migrated legacy ODC amount,5000,,
IWA-KTS-KAD-2024-M-1668:TRAVEL:1668,IWA-KTS-KAD-2024-M-1668,100523-0002,100538,0,1668,base,1,1,Migrated Travel/ODC,travel,,Migrated legacy ODC amount,2500,,
IWA-KTS-KAD-2024-M-1668:TRAVEL:2352,IWA-KTS-KAD-2024-M-1668,100523-0002,100538,0,2352,base,2,2,Migrated Travel/ODC,odc,N/A,Migrated legacy ODC amount,2500,,
IWA-KTS-KAD-2024-M-1668:TRAVEL:2450,IWA-KTS-KAD-2024-M-1668,100523-0002,100538,2,2450,mod,3,3,Migrated Travel/ODC,odc,N/A,Migrated legacy ODC amount,2500,,
IWA-KTS-KAD-2024-M-1668:TRAVEL:2606,IWA-KTS-KAD-2024-M-1668,100523-0002,100538,3,2606,mod,4,4,Migrated Travel/ODC,odc,N/A,Migrated legacy ODC amount,2500,,
IWA-KSI-KMS-2026-M-2537:TRAVEL:2602,IWA-KSI-KMS-2026-M-2537,100784-0001,100992,0,2602,base,1,1,HHS 0930 BP CLIN 0003 Communication Software,travel,100784-0001-0003-0001,HHS 0930 BP CLIN 0003 Communication Software,1000,,
IWA-KTIS-KDS-2026-M-2507:TRAVEL:2507,IWA-KTIS-KDS-2026-M-2507,100921-0001,100930,0,2507,base,1,1,USTRANSCOM E124 BP CLIN 0006 ODCs NON BILLABLE,travel,100921-0001-0006-0002,USTRANSCOM E124 BP CLIN 0006 ODCs NON BILLABLE,10000,,
IWA-KTIS-KDS-2026-M-2507:TRAVEL:2534,IWA-KTIS-KDS-2026-M-2507,100921-0001,100930,1,2534,mod,2,2,Migrated Travel/ODC,odc,100921-0001-0006-0001,Migrated legacy ODC amount,10000,,
IWA-KTIS-KDS-2026-M-2507:TRAVEL:2540,IWA-KTIS-KDS-2026-M-2507,100921-0001,100930,2,2540,mod,3,3,Migrated Travel/ODC,travel,100921-0001-0005-0001,Migrated legacy ODC amount,10000,,
IWA-KTIS-KDS-2026-M-2507:TRAVEL:2601,IWA-KTIS-KDS-2026-M-2507,100921-0001,100930,3,2601,mod,4,4,Migrated Travel/ODC,odc,100921-0001-0006-0001,Migrated legacy ODC amount,10000,,
IWA-KTIS-KDS-2026-M-2507:TRAVEL:2607,IWA-KTIS-KDS-2026-M-2507,100921-0001,100930,4,2607,mod,5,5,Migrated Travel/ODC,travel,100921-0001-0005-0001,Migrated legacy ODC amount,10000,,
IWA-KAD-PAC-2026-M-2461:TRAVEL:2608,IWA-KAD-PAC-2026-M-2461,100089-0004,100902,4,2608,mod,5,5,Migrated Travel/ODC,travel,N/A,Migrated legacy ODC amount,3000,,
IWA-KDS-ATS-2025-M-2401:TRAVEL:2593,IWA-KDS-ATS-2025-M-2401,100868-0001,100877,1,2593,mod,2,2,Migrated Travel/ODC,travel,100868-0001-0008-0001,Migrated legacy ODC amount,10000,,No travel only ODC
IWA-KDS-ATS-2025-M-2401:TRAVEL:2603,IWA-KDS-ATS-2025-M-2401,100868-0001,100877,2,2603,mod,3,3,Migrated Travel/ODC,travel,100868-0001-0008-0001,Migrated legacy ODC amount,15000,,No travel only ODC
IWA-KITS-ATS-2025-M-2267:TRAVEL:2267,IWA-KITS-ATS-2025-M-2267,100743-0001,100756,0,2267,base,1,1,Migrated Travel/ODC,travel,100743-0001-0031-0001,Migrated legacy ODC amount,10000,,No travel only ODC
IWA-KITS-ATS-2025-M-2267:TRAVEL:2567,IWA-KITS-ATS-2025-M-2267,100743-0001,100756,1,2567,mod,2,2,Migrated Travel/ODC,travel,100743-0001-0031-0001,Migrated legacy ODC amount,10000,,No travel only ODC
IWA-KDS-EHS-2026-M-2350:TRAVEL:2485,IWA-KDS-EHS-2026-M-2350,100577-0002,100894,1,2485,mod,2,2,Migrated Travel/ODC,travel,100577-0002-0020-0001,Migrated legacy ODC amount,5000,,
IWA-ATS-EHS-2024-M-1382:TRAVEL:1409,IWA-ATS-EHS-2024-M-1382,100023-0004,100274,0,1409,base,1,1,Migrated Travel/ODC,travel,100023-0004-0005-0002,Migrated legacy ODC amount,5000,,No travel only ODC
IWA-ATS-EHS-2024-M-1382:TRAVEL:1950,IWA-ATS-EHS-2024-M-1382,100023-0004,100274,1,1950,mod,2,2,Migrated Travel/ODC,travel,100023-0004-0005-0002,Migrated legacy ODC amount,5000,,No travel only ODC
IWA-ATS-EHS-2024-M-1382:TRAVEL:2580,IWA-ATS-EHS-2024-M-1382,100023-0004,100274,2,2580,mod,3,3,Migrated Travel/ODC,travel,100023-0004-0005-0002,Migrated legacy ODC amount,5000,,No travel only ODC
IWA-KET-TGS-2025-M-2058:TRAVEL:2085,IWA-KET-TGS-2025-M-2058,100678-0001,100705,0,2085,base,1,1,Migrated Travel/ODC,travel,100678-0001-0001-0002,Migrated legacy ODC amount,2500,,travel
IWA-KET-TGS-2025-M-2058:TRAVEL:2475,IWA-KET-TGS-2025-M-2058,100678-0001,100705,1,2475,mod,2,2,Migrated Travel/ODC,travel,100678-0001-0001-0003,Migrated legacy ODC amount,2500,,odc
IWA-KTIS-KITS-2026-M-2439:TRAVEL:2506,IWA-KTIS-KITS-2026-M-2439,100921-0001,100931,0,2506,base,1,1,USTRANSCOM E124 BP CLIN 0006 ODCs NON BILLABLE,travel,100921-0001-0006-0002,USTRANSCOM E124 BP CLIN 0006 ODCs NON BILLABLE,10000,,
IWA-KTIS-KITS-2026-M-2439:TRAVEL:2538,IWA-KTIS-KITS-2026-M-2439,100921-0001,100931,1,2538,mod,2,2,Migrated Travel/ODC,travel,100921-0001-0005-0001,Migrated legacy ODC amount,10000,,
IWA-KTIS-EHS-2026-M-2508:TRAVEL:2508,IWA-KTIS-EHS-2026-M-2508,100921-0001,100943,0,2508,base,1,1,USTRANSCOM E124 Transition In CLIN 0008,travel,100921-0001-0007-0001,USTRANSCOM E124 Transition In CLIN 0008,10000,,
IWA-KTIS-EHS-2026-M-2508:TRAVEL:2541,IWA-KTIS-EHS-2026-M-2508,100921-0001,100943,1,2541,mod,2,2,Migrated Travel/ODC,travel,100921-0001-0005-0001,Migrated legacy ODC amount,10000,,
IWA-KITS-KMS-2025-M-2284:TRAVEL:2284,IWA-KITS-KMS-2025-M-2284,100762-0001,100804,0,2284,base,1,1,WHS E074 BP Travel,travel,100762-0001-0005-0001,WHS E074 BP Travel,20000,,
IWA-KITS-KMS-2025-M-2284:TRAVEL:2528,IWA-KITS-KMS-2025-M-2284,100762-0001,100804,1,2528,mod,2,2,WHS E074 OP1 CLIN 1001 ZT PfMO Labor,travel,100762-0002-0001-0001,WHS E074 OP1 CLIN 1001 ZT PfMO Labor,20000,,
IWA-KAD-KTS-2023-M-1271:TRAVEL:1271,IWA-KAD-KTS-2023-M-1271,100073-0001,100390,0,1271,base,1,1,Migrated Travel/ODC,travel,N/A,Migrated legacy ODC amount,40000,,
IWA-KAD-KTS-2023-M-1271:TRAVEL:1396,IWA-KAD-KTS-2023-M-1271,100073-0001,100390,1,1396,mod,2,2,Migrated Travel/ODC,travel,N/A,Migrated legacy ODC amount,1200,,
IWA-KAD-KTS-2023-M-1271:TRAVEL:1882,IWA-KAD-KTS-2023-M-1271,100073-0001,100390,2,1882,mod,3,3,Migrated Travel/ODC,travel,N/A,Migrated legacy ODC amount,25000,,
IWA-KAD-KTS-2023-M-1271:TRAVEL:2124,IWA-KAD-KTS-2023-M-1271,100073-0001,100390,3,2124,mod,4,4,Migrated Travel/ODC,travel,N/A,Migrated legacy ODC amount,40000,,
IWA-KAD-KTS-2023-M-1271:TRAVEL:2505,IWA-KAD-KTS-2023-M-1271,100073-0001,100390,4,2505,mod,5,5,Migrated Travel/ODC,odc,N/A,Migrated legacy ODC amount,40000,,
IWA-KDS-EHS-2026-M-2473:TRAVEL:2489,IWA-KDS-EHS-2026-M-2473,100122-0002,100922,0,2489,base,1,1,USDA 0857 OP1 CLIN 0017 Travel/ODCs,travel,100122-0002-0017-0001,USDA 0857 OP1 CLIN 0017 Travel/ODCs,7500,,
IWA-KSI-KDS-2026-M-2440:TRAVEL:2482,IWA-KSI-KDS-2026-M-2440,100896-0001,100903,0,2482,base,1,1,Inserso SS01 OP1 CLIN 1006 (SME)III Spt-DMLS,travel,100896-0001-0002-0001,Inserso SS01 OP1 CLIN 1006 (SME)III Spt-DMLS,10000,,
IWA-KSS-KDS-2025-M-2437:TRAVEL:2439,IWA-KSS-KDS-2025-M-2437,100575-0002,100876,0,2439,base,1,1,Inserso SS01 BP CLIN 0006 SMEIII Spt-DMLS,travel,100575-0001-0002-0001,Inserso SS01 BP CLIN 0006 SMEIII Spt-DMLS,10000,,
IWA-KSS-KDS-2025-M-2437:TRAVEL:2481,IWA-KSS-KDS-2025-M-2437,100575-0002,100876,1,2481,mod,2,2,Migrated Travel/ODC,travel,N/A,Migrated legacy ODC amount,10000,,
IWA-KMS-ATS-2024-M-1597:TRAVEL:1614,IWA-KMS-ATS-2024-M-1597,100163-0001,100545,0,1614,base,1,1,Migrated Travel/ODC,travel,100163-0001-0004-0001,Migrated legacy ODC amount,5000,,
IWA-KMS-ATS-2024-M-1597:TRAVEL:2401,IWA-KMS-ATS-2024-M-1597,100163-0001,100545,1,2401,mod,2,2,Migrated Travel/ODC,travel,100163-0001-0004-0001,Migrated legacy ODC amount,20000,,
IWA-KMS-ATS-2024-M-1597:TRAVEL:2477,IWA-KMS-ATS-2024-M-1597,100163-0001,100545,2,2477,mod,3,3,Migrated Travel/ODC,travel,100163-0001-0004-0001,Migrated legacy ODC amount,5000,,
IWA-TGS-KOS-2026-M-1955:TRAVEL:2449,IWA-TGS-KOS-2026-M-1955,100103-0001,,0,2449,base,1,1,USCIS 0015 OP5 CLIN 5001 NRC File Management 4.1,travel,100103-0003-0001-0001,USCIS 0015 OP5 CLIN 5001 NRC File Management 4.1,108000,,
IWA-KAD-KPS-2023-M-1247:TRAVEL:1269,IWA-KAD-KPS-2023-M-1247,100073-0001,100369,0,1269,base,1,1,Migrated Travel/ODC,travel,N/A,Migrated legacy ODC amount,10000,,
IWA-KAD-KPS-2023-M-1247:TRAVEL:2353,IWA-KAD-KPS-2023-M-1247,100073-0001,100369,0,2353,base,2,2,Migrated Travel/ODC,travel,N/A,Migrated legacy ODC amount,10000,,
IWA-KAD-KPS-2023-M-1247:TRAVEL:1280,IWA-KAD-KPS-2023-M-1247,100073-0001,100369,1,1280,mod,3,3,Migrated Travel/ODC,travel,N/A,Migrated legacy ODC amount,10000,,
IWA-KAD-KPS-2023-M-1247:TRAVEL:2395,IWA-KAD-KPS-2023-M-1247,100073-0001,100369,5,2395,mod,6,6,Migrated Travel/ODC,travel,N/A,Migrated legacy ODC amount,30000,,
IWA-KITS-TGS-2025-M-2370:TRAVEL:2383,IWA-KITS-TGS-2025-M-2370,100783-0001,100842,1,2383,mod,2,2,Migrated Travel/ODC,travel,100783-0001-0003-0001,Migrated legacy ODC amount,4300,,
IWA-KSI-EHS-2025-M-2308:TRAVEL:2363,IWA-KSI-EHS-2025-M-2308,100520-0002,100813,1,2363,mod,2,2,Migrated Travel/ODC,travel,100520-0002-0002-0002,Migrated legacy ODC amount,5000,,
IWA-KITS-TGS-2025-M-2346:TRAVEL:2368,IWA-KITS-TGS-2025-M-2346,100783-0001,,0,2368,base,1,1,DHS 0097 BP CLIN 0003 ODC Travel,travel,100783-0001-0003-0001,DHS 0097 BP CLIN 0003 ODC Travel,4000,,
IWA-KDS-KET-2025-M-1956:TRAVEL:2342,IWA-KDS-KET-2025-M-1956,100700-0001,100708,0,2342,base,2,2,Migrated Travel/ODC,travel,100700-0001-0001-0002,Migrated legacy ODC amount,0,,No travel only ODC
IWA-PAC-KPS-2025-M-2346:TRAVEL:2347,IWA-PAC-KPS-2025-M-2346,100746-0001,100821,0,2347,base,1,1,GSA 0237 BP CLIN 0004 Fargo: Fed Bldg/Courthouse,travel,100746-0001-0004-0001,GSA 0237 BP CLIN 0004 Fargo: Fed Bldg/Courthouse,5000,,
IWA-KOS-KGS-2025-M-2305:TRAVEL:2318,IWA-KOS-KGS-2025-M-2305,100532-0001,100812,0,2318,base,1,1,BEP 0059 OY1 CLIN 1009 Other - Cost reimbursement,travel,100532-0002-0009-0001,BEP 0059 OY1 CLIN 1009 Other - Cost reimbursement,15000,,
IWA-KMS-ATS-2025-M-2254:TRAVEL:2325,IWA-KMS-ATS-2025-M-2254,100161-0017,100810,0,2325,base,1,1,DeCA 0064 OP4 CLIN 4004 Special Studies,travel,100161-0017-0004-0001,DeCA 0064 OP4 CLIN 4004 Special Studies,1000,,
IWA-KITS-KDS-2025-M-2257:TRAVEL:2266,IWA-KITS-KDS-2025-M-2257,100743-0001,100772,0,2266,base,1,1,Migrated Travel/ODC,travel,100743-0001-0031-0001,Migrated legacy ODC amount,10000,,ODC
IWA-KITS-KMS-2023-M-1053:TRAVEL:1285,IWA-KITS-KMS-2023-M-1053,D000001,I001200,0,1285,base,1,1,Migrated Travel/ODC,travel,N/A,Migrated legacy ODC amount,10000,,No travel or ODC
IWA-KITS-KMS-2023-M-1053:TRAVEL:1444,IWA-KITS-KMS-2023-M-1053,D000001,I001200,1,1444,mod,2,2,Migrated Travel/ODC,travel,N/A,Migrated legacy ODC amount,15000,,No travel or ODC
IWA-KAD-ATS-2023-M-996:TRAVEL:1018,IWA-KAD-ATS-2023-M-996,100092-0003,1002600001,0,1018,base,1,1,Migrated Travel/ODC,travel,N/A,Migrated legacy ODC amount,5000,,
IWA-KAD-ATS-2023-M-996:TRAVEL:1406,IWA-KAD-ATS-2023-M-996,100092-0003,1002600001,1,1406,mod,2,2,Migrated Travel/ODC,travel,N/A,Migrated legacy ODC amount,1000,,
IWA-KAD-ATS-2023-M-996:TRAVEL:1486,IWA-KAD-ATS-2023-M-996,100092-0003,1002600001,2,1486,mod,3,3,Migrated Travel/ODC,travel,N/A,Migrated legacy ODC amount,5000,,
IWA-KAD-ATS-2023-M-996:TRAVEL:1510,IWA-KAD-ATS-2023-M-996,100092-0003,1002600001,3,1510,mod,4,4,Migrated Travel/ODC,travel,N/A,Migrated legacy ODC amount,0,,
IWA-KAD-ATS-2023-M-996:TRAVEL:1789,IWA-KAD-ATS-2023-M-996,100092-0003,1002600001,4,1789,mod,5,5,Migrated Travel/ODC,travel,N/A,Migrated legacy ODC amount,5000,,
IWA-KPS-KMS-2024-M-1619:TRAVEL:1619,IWA-KPS-KMS-2024-M-1619,100178-0001,I001105,0,1619,base,1,1,Migrated Travel/ODC,travel,100178-0001-0002,Migrated legacy ODC amount,5000,,
IWA-KITS-KMS-2024-M-1546:TRAVEL:1572,IWA-KITS-KMS-2024-M-1546,100492-0001,I001202,0,1572,base,1,1,Migrated Travel/ODC,travel,N/A,Migrated legacy ODC amount,10000,,
IWA-KPS-PAC-2024-M-1519:TRAVEL:1537,IWA-KPS-PAC-2024-M-1519,N/A,I001002,0,1537,base,1,1,Migrated Travel/ODC,travel,,Migrated legacy ODC amount,0,,
IWA-KDS-TGS-2023-M-1143:TRAVEL:1158,IWA-KDS-TGS-2023-M-1143,100122-0002,I001400,1,1158,mod,2,2,Migrated Travel/ODC,travel,100122-0002-0017,Migrated legacy ODC amount,6000,,
IWA-KAD-TGS-2024-M-1338:TRAVEL:1338,IWA-KAD-TGS-2024-M-1338,N/A,I000207,0,1338,base,1,1,Migrated Travel/ODC,travel,N/A,Migrated legacy ODC amount,7000,,Flipped description?
IWA-KAD-TGS-2024-M-1338:TRAVEL:1341,IWA-KAD-TGS-2024-M-1338,N/A,I000207,1,1341,mod,2,2,Migrated Travel/ODC,travel,N/A,Migrated legacy ODC amount,8500,,Flipped description?
IWA-KPS-TGS-2023-M-1302:TRAVEL:1302,IWA-KPS-TGS-2023-M-1302,100171-0001,I001204,0,1302,base,1,1,Migrated Travel/ODC,odc,N/A,Migrated legacy ODC amount,25000,,
